{
  "rmse": 0.014769905841111305,
  "nlpd": -3.1944316862964004
}