{
  "rmse": 0.025629163146549293,
  "nlpd": -1.9822126181859843
}