{
  "rmse": 0.014477214581953996,
  "nlpd": -2.5743727800499214
}