{
  "rmse": 0.010772071396018346,
  "nlpd": -3.386701722540794
}