{
  "rmse": 0.01757834651691726,
  "nlpd": -2.9086631223691355
}