{
  "rmse": 0.8120554571202168,
  "nlpd": 24.913732321906554
}