{
  "rmse": 0.10898685761781875,
  "nlpd": 0.12185650341271356
}