{
  "rmse": 1.1947339011016522,
  "nlpd": 164.5930979858888
}