{
  "rmse": 0.03449400779091825,
  "nlpd": -1.8267127795519906
}