{
  "rmse": 0.026225817743454515,
  "nlpd": -2.205730842493894
}