{
  "rmse": 1.0379118111139745,
  "nlpd": 32.91311731513421
}