{
  "rmse": 1.5652831774099198,
  "nlpd": 48.55442643455363
}