{
  "rmse": 0.01810974001147864,
  "nlpd": -2.232111897837026
}