{
  "rmse": 0.012215724395397358,
  "nlpd": -2.4957455518946
}