{
  "rmse": 0.06319860486553347,
  "nlpd": -0.04591093817904118
}