{
  "rmse": 0.05271437300323448,
  "nlpd": 2.1947640620503814
}