{
  "rmse": 0.009088991117163596,
  "nlpd": -3.4349627275115515
}