{
  "rmse": 0.1668665970403209,
  "nlpd": 0.978687729736913
}