{
  "rmse": 0.016074419440426195,
  "nlpd": -3.0109105417939683
}