{
  "rmse": 0.03472420477910234,
  "nlpd": -1.77282438383359
}