{
  "rmse": 0.05013224032989574,
  "nlpd": -0.9152230733131201
}