{
  "rmse": 0.0099632069683396,
  "nlpd": -2.6305322881651505
}