{
  "rmse": 0.004501814670667064,
  "nlpd": -3.0108741303270237
}