{
  "rmse": 0.1115975400349118,
  "nlpd": 8.619717498358925
}