{
  "rmse": 0.04444564330058461,
  "nlpd": -1.3443871207368865
}