{
  "rmse": 0.05369843684531874,
  "nlpd": 2.3989798122991015
}