{
  "rmse": 0.025309429189814197,
  "nlpd": -2.2261790115960123
}