{
  "rmse": 0.12060014853900557,
  "nlpd": 8.586246287613092
}