{
  "rmse": 10.412941616107119,
  "nlpd": 46.52683817882857
}