,seed,pct_train,param,no test points,no train points,lvm_ssvi_train_RMSE,lvm_ssvi_train_NLPD,lvm_ssvi_train_RMSE_z,lvm_ssvi_train_NLPD_z,lvm_ssvi_test_RMSE,lvm_ssvi_test_NLPD,lvm_ssvi_test_RMSE_z,lvm_ssvi_test_NLPD_z
0,0,30,r,220,206,0.08654797390085613,-0.711945336033355,0.518472889664426,-0.711945336033355,0.08430010604028279,-0.7159778471188448,0.5050068488927456,-0.7159778471188448
1,0,60,r,121,305,0.08137208621043537,-0.7197497911696619,0.4874663007579647,-0.7197497911696619,0.08154122646696743,-0.7121238070146445,0.4884795496372882,-0.7121238070146445
2,0,90,r,28,398,0.08128286617504438,-0.7265371628486345,0.48693182066004675,-0.7265371628486345,0.07044763966320432,-0.7489131102560111,0.4220224883376324,-0.7489131102560111
3,1,30,r,214,212,0.08886260985635051,-0.6732325666800318,0.5323389103033502,-0.6732325666800318,0.08540121172125315,-0.6833227312732906,0.511603114738236,-0.6833227312732906
4,1,60,r,116,310,0.08130164264604928,-0.73665909925993,0.4870443026829161,-0.73665909925993,0.07986844600223318,-0.7417179790582447,0.4784586180979955,-0.7417179790582447
5,1,90,r,29,397,0.07902835065566763,-0.740687700116557,0.4734259565312853,-0.740687700116557,0.07925450201351955,-0.7395104538859028,0.4747807351901287,-0.7395104538859028
