{
  "rmse": 0.012250442714908695,
  "nlpd": -2.514081799270705
}