{
  "rmse": 0.12025704778745622,
  "nlpd": 9.84026634281527
}