{
  "rmse": 0.015004116677591404,
  "nlpd": -2.922988226351533
}