{
  "rmse": 0.06256200739852724,
  "nlpd": 2.4737417679759006
}