{
  "rmse": 0.17923599465859963,
  "nlpd": 2.2640324909639475
}