{
  "rmse": 7.3802612651949415,
  "nlpd": 48.74451681896141
}