{
  "rmse": 0.01814820675155537,
  "nlpd": -2.735915971224758
}