{
  "rmse": 0.013974174223910183,
  "nlpd": -3.199279009581911
}