{
  "rmse": 0.05493874488827825,
  "nlpd": 2.740604900481439
}