{
  "rmse": 0.0560080319655323,
  "nlpd": 2.469527433679162
}