{
  "rmse": 0.014072529581115689,
  "nlpd": -3.024813100820981
}