{
  "rmse": 0.17002714032617228,
  "nlpd": 1.9689520066843609
}