{
  "rmse": 0.10972637936138636,
  "nlpd": 4.029833415963809
}