{
  "rmse": 0.02621420438551235,
  "nlpd": -2.1528707178900524
}