{
  "rmse": 0.05355985164841587,
  "nlpd": 2.480763520151558
}