{
  "rmse": 0.04143674060131062,
  "nlpd": -1.6858114802328046
}