{
  "rmse": 0.10249724793503544,
  "nlpd": -0.19443979794167976
}