{
  "rmse": 0.011007653905674009,
  "nlpd": -2.935482337120275
}