{
  "rmse": 0.05302247918893809,
  "nlpd": 2.5652506685725953
}