{
  "rmse": 0.5388206869772454,
  "nlpd": 12.605538340666758
}