{
  "rmse": 0.005253220101819662,
  "nlpd": -2.908854620962713
}