{
  "rmse": 0.06120535093550266,
  "nlpd": 2.512075836055498
}