{
  "rmse": 0.05201753964420805,
  "nlpd": 2.391423866924003
}