{
  "rmse": 0.052494553980119436,
  "nlpd": 2.346751734499688
}