{
  "rmse": 9.607577254952643,
  "nlpd": 47.85241583058974
}