{
  "rmse": 0.017950357240895064,
  "nlpd": -2.8852409365610505
}