{
  "rmse": 0.02165520482888646,
  "nlpd": -1.2758213417603037
}