{
  "rmse": 0.010965346602727258,
  "nlpd": -2.970511093320495
}