{
  "rmse": 0.10667615835620901,
  "nlpd": 9.15777219821331
}