{
  "rmse": 0.08715100925271992,
  "nlpd": 3.491218618405682
}