{
  "rmse": 0.108986857633341,
  "nlpd": 0.12185650468005173
}