{
  "rmse": 0.04438666344953899,
  "nlpd": -1.1734076921756995
}