{
  "rmse": 0.004377059638288509,
  "nlpd": -3.038135467003438
}