{
  "rmse": 1.59822020343342,
  "nlpd": 35.75949732177693
}