{
  "rmse": 0.04163919648207817,
  "nlpd": 2.165877694316494
}