{
  "rmse": 0.053451445924156536,
  "nlpd": 2.6986411415003624
}