{
  "rmse": 0.025541746154317688,
  "nlpd": -2.331376733669369
}