{
  "rmse": 0.17002714032382749,
  "nlpd": 1.968952006563987
}