{
  "rmse": 1.8634687942535297,
  "nlpd": 70.16208461030168
}