{
  "rmse": 0.17002714032687882,
  "nlpd": 1.9689520066721624
}