{
  "Y_final_len": 293,
  "chosen_indices": [
    86,
    117,
    83
  ],
  "nlpd_values": [
    7.922490775591954,
    9.910425583701517,
    -0.2724774432676441
  ],
  "rmse_values": [
    0.8768839080357985,
    1.1220916051308425,
    0.18270395807850787
  ],
  "regret_values": [
    -0.056906530717846265,
    -0.056906530717846265,
    -0.056906530717846265
  ]
}