{
  "rmse": 0.044937300588843966,
  "nlpd": 2.5583373966546965
}