{
  "rmse": 0.053031766572572976,
  "nlpd": 2.258206590838218
}