{
  "rmse": 0.08567198700543967,
  "nlpd": -0.6921404613441244
}