{
  "rmse": 0.03598954792271683,
  "nlpd": 0.2889226570828577
}