{
  "rmse": 0.011987124453433182,
  "nlpd": -3.2759420240108446
}