{
  "rmse": 0.031096173526139193,
  "nlpd": -1.8060749542120178
}