{
  "rmse": 0.037624823050805535,
  "nlpd": -1.5397025410988077
}