{
  "rmse": 0.051394229946647045,
  "nlpd": 68.74727804311684
}