{
  "rmse": 0.015321852412753093,
  "nlpd": -3.062449217452078
}