{
  "rmse": 3.7287282090472544,
  "nlpd": 120.51224477489455
}