{
  "rmse": 0.018343268066606102,
  "nlpd": -2.2424538456872463
}