{
  "rmse": 0.009675466762876306,
  "nlpd": -2.65384852859312
}