{
  "rmse": 0.024484795818341263,
  "nlpd": -2.1086059779650963
}