{
  "rmse": 0.11490245745094337,
  "nlpd": 2.3574694092346187
}