{
  "rmse": 0.05475798772179147,
  "nlpd": 2.120374859000259
}