{
  "rmse": 0.013476360423984987,
  "nlpd": -3.2245350237716255
}