{
  "rmse": 0.015055241056793437,
  "nlpd": -2.3619700918102033
}