{
  "rmse": 0.011024955071942228,
  "nlpd": -3.357889265818684
}