{
  "rmse": 0.06514232886355148,
  "nlpd": -0.1525291091497972
}