{
  "rmse": 0.07519657808119538,
  "nlpd": -0.8999175446137548
}