{
  "rmse": 0.011591258867205849,
  "nlpd": -3.302890224759871
}