{
  "rmse": 0.0501322402387357,
  "nlpd": -0.9152230607984533
}