{
  "rmse": 0.047493390714741145,
  "nlpd": -1.468395739242777
}