{
  "rmse": 0.028764472330880596,
  "nlpd": -2.109063765502971
}