{
  "rmse": 0.02786688025550857,
  "nlpd": -2.246258923092599
}