{
  "rmse": 0.04547455301635563,
  "nlpd": -1.464289332044568
}