{
  "rmse": 0.13489458053797038,
  "nlpd": 13.263173675631043
}