{
  "rmse": 0.027194524335600795,
  "nlpd": -2.142316724374177
}