{
  "rmse": 0.03102085054303444,
  "nlpd": -1.809378336413813
}