{
  "rmse": 0.06888987656164759,
  "nlpd": 0.26220507328600223
}