{
  "rmse": 0.11490245745219078,
  "nlpd": 2.357469409173302
}