{
  "rmse": 1.496547228521223,
  "nlpd": 52.51990975572712
}