{
  "rmse": 0.12831110389752276,
  "nlpd": 10.808974828302729
}