{
  "rmse": 0.021665663642242133,
  "nlpd": -2.1035922929244317
}