{
  "rmse": 0.1214366487538643,
  "nlpd": 10.328586300041003
}