{
  "rmse": 0.06150038979258137,
  "nlpd": 2.5630468948647263
}