{
  "rmse": 0.13198512920548533,
  "nlpd": 13.33293500205142
}