{
  "rmse": 0.0980830436886948,
  "nlpd": 1.8542330379885577
}