{
  "rmse": 0.013581136761446747,
  "nlpd": -2.7875435835717424
}