{
  "rmse": 0.1153786538382292,
  "nlpd": 2.429589288848136
}