{
  "rmse": 0.10912443545778296,
  "nlpd": 0.12438589756128976
}