{
  "rmse": 0.05245607448266204,
  "nlpd": 2.1720424690303135
}