{
  "rmse": 0.02178260614928924,
  "nlpd": -2.111583718691476
}