{
  "rmse": 0.05311701129689007,
  "nlpd": 2.467468783257286
}