{
  "rmse": 1.1864780064650946,
  "nlpd": 166.09785409750918
}