{
  "rmse": 0.04799243482196086,
  "nlpd": 3.8636732254364534
}