{
  "rmse": 11.542210981638467,
  "nlpd": 50.136692723973326
}