{
  "rmse": 0.43148582199391994,
  "nlpd": 10.130208125653011
}