{
  "rmse": 0.04481075836353495,
  "nlpd": -1.461905751589244
}