{
  "rmse": 0.013307413041577641,
  "nlpd": -3.1403695043767814
}