{
  "rmse": 0.13061653617089927,
  "nlpd": 3.249194328931776
}