{
  "Y_final_len": 293,
  "chosen_indices": [
    130,
    80,
    84
  ],
  "ei_values": [
    [
      6.371528736421413e-05,
      0.0010499780265704557,
      0.0006418079745892653,
      0.021607647707493197,
      0.003059415490109532,
      0.0001816396156120449,
      0.00012488554375488198,
      0.0071971538824835354,
      0.03572435509105135,
      0.011414394351194422,
      1.953748473259916e-06,
      0.0053425207148447736,
      0.0006412314734679622,
      0.005788703935401142,
      0.0006609266086425435,
      0.0025594036156204284,
      0.002235977779996752,
      0.0017910921128085231,
      0.0027082104605490225,
      0.0014846204193584437,
      0.0032691488806312567,
      0.0023126728562083035,
      6.27636634024249e-05,
      0.009432967498230898,
      0.01821232121388829,
      0.0011411514443231186,
      6.433227649119963e-05,
      0.0003445471226774308,
      0.002558945430739469,
      0.014105844325408127,
      0.008869818955894884,
      0.044782519207377025,
      0.00315925151680003,
      0.003759208482087809,
      0.004761787128327611,
      0.004012773077741371,
      0.0037901076162341514,
      0.014052495429164246,
      0.003331285596078734,
      0.0011340745018966092,
      0.012372569839584307,
      0.0029644477407034433,
      0.002336452227892022,
      0.00016396386591967016,
      0.0011476280589295207,
      0.0009379177454766792,
      0.00017173509826068752,
      0.008916876170212725,
      0.0035616345466428154,
      0.007866127994766289,
      0.002259310306979876,
      0.004977721850302116,
      0.009524687987258211,
      0.006131674900126128,
      0.0001320000221179659,
      0.011439679098599458,
      0.003114423875864159,
      0.004403020713151757,
      0.007924755060892477,
      0.011909006850289838,
      0.0019139810079251448,
      0.012398139778838562,
      0.06354754071308714,
      0.004201254257980186,
      0.00015449584563867263,
      0.003842744898050185,
      0.00032873353147860906,
      0.022234165862548647,
      3.4552653000039557e-05,
      0.022479471834938307,
      0.004750908315691573,
      0.00019512406489580566,
      0.001747183680873302,
      0.0050031783583470895,
      0.009054016337821847,
      0.0015473743706306362,
      0.0007498411724305681,
      0.028782480130887616,
      0.00368120697308797,
      0.0009596234890646229,
      0.07600751367227152,
      0.0032829742456929965,
      0.03267771950395533,
      2.393172616344544e-05,
      0.04531440015338301,
      0.006088177644108259,
      0.016410482732498663,
      0.0009083444307377898,
      0.0007889512139812134,
      0.0007683994757761109,
      0.00912632349659337,
      0.001009195407879343,
      0.01221698792293354,
      8.739279995585944e-05,
      0.013142736947816681,
      0.005652351655568386,
      0.010698978496318075,
      0.0007470119030807789,
      0.001313186111791072,
      0.012104602708199375,
      0.001175918635938749,
      0.001854484804467336,
      0.007691361996176186,
      0.0012674129713684708,
      0.004444415030677168,
      0.015485035243469674,
      0.0034347442804549353,
      4.682913716251971e-06,
      0.004800895489043782,
      0.0005450575504151206,
      0.0009407937016944156,
      0.00039768871898614774,
      0.0005985110354785599,
      0.002007640087390026,
      0.002029667621931019,
      0.0433081159476149,
      0.0047147455480690305,
      0.001388704151762384,
      0.0030784424669572106,
      0.00154470417139441,
      0.007446212499043698,
      0.004120535295052477,
      0.013179661931404005,
      0.003621943890932197,
      6.516847803580725e-05,
      0.0001880195006552346,
      0.000962054912843797,
      0.0007203968220967877,
      0.00044415695376221257,
      0.0051103458847432,
      0.07957646576303036,
      0.003300264932072353,
      1.5174108553812683e-07,
      0.002833407258730986,
      2.9355113658597324e-05,
      0.00038105331173129444
    ],
    [
      0.00011104760640347867,
      0.0002652965074294274,
      0.0031406249559879345,
      0.016888237216122818,
      0.0004562634412937824,
      4.690680945688112e-05,
      9.466205730834638e-05,
      0.002866219888494812,
      0.020820277715740552,
      0.005718661665336137,
      2.3048021616507416e-06,
      0.0013805894602856297,
      0.001270495037390257,
      0.011321989345537504,
      0.0004520326864163888,
      0.0011018404788684614,
      0.011458846343846649,
      0.007110137216846963,
      0.0036983477835855006,
      0.007556056658008844,
      0.0011155354178724992,
      0.0016463236115516707,
      0.00022147895966164642,
      0.018098731919444097,
      0.023923608340849212,
      0.0009912397220282576,
      0.00013613849054113473,
      0.000701295014582055,
      0.0037694945459914577,
      0.02194109171113964,
      0.014902239933076902,
      0.007600894177001043,
      0.001608420592940207,
      0.0037348520978572053,
      0.004862280990476396,
      0.0011847870492327777,
      0.0017378588200862976,
      0.0017611699401319622,
      0.00019433477786633444,
      0.00021186682195899897,
      0.010648332999183526,
      0.002556016623845923,
      0.0018035300103760275,
      0.00045176890389545,
      0.0006476634032176916,
      0.0008872088025559887,
      0.00038736467807239377,
      0.010022295149907498,
      0.0071096261349564115,
      0.006051037040403821,
      0.0018543657450493618,
      0.004609394109904638,
      0.01766862924394397,
      0.007135406571750292,
      6.539725713925365e-05,
      0.010485451196519613,
      0.0003432198647555164,
      0.00023173295035016804,
      0.00641939348112815,
      0.026719697447558366,
      0.00020159513742418677,
      0.0027818646884054466,
      0.05002016036784582,
      0.002645425378254009,
      3.062753558429435e-05,
      0.003667636712062234,
      0.00011512897695928207,
      0.03048606093011546,
      1.2420677338091065e-05,
      0.010293351798168952,
      0.00227237341494083,
      0.0001522606936505684,
      0.0017805518473956073,
      0.004416840346961411,
      0.009445664168531955,
      0.004235576979991554,
      0.0028591449082781065,
      0.01367466489247681,
      0.0005177628511977256,
      0.0044250587144797175,
      0.09661089598961767,
      0.0021615277167476295,
      0.02863320244614081,
      1.5355126757708853e-05,
      0.016647889439852858,
      0.006465064689581733,
      0.010710505521212353,
      0.0012326032464450953,
      0.004230285951595028,
      0.000927986307051746,
      0.014629658265467116,
      0.0006126435444543585,
      0.0015179209318439374,
      0.0004035447157236512,
      0.013503491026448185,
      0.003953828240137589,
      0.01072254193298144,
      0.001226906041054157,
      0.0003520619137690117,
      0.018135541773581204,
      0.002039136938717268,
      0.002019409530604667,
      0.00361752472785322,
      0.0006777658371597971,
      0.002610300773839006,
      0.002357439409155374,
      0.0026294331376873715,
      2.334574577018992e-05,
      0.00399287108878888,
      0.0011315106603219161,
      0.009361426258883667,
      0.0005063795050091701,
      0.005306408567192,
      0.0021319115623926934,
      0.001682528612857232,
      0.01626696436964982,
      0.0031967144348830877,
      0.0009276371643342116,
      0.002682171111414086,
      0.0010436175376580098,
      0.0038931355231488574,
      0.0010435827860798815,
      0.002637315082848519,
      0.017771777770350602,
      6.928835684686289e-06,
      1.7457383201680642e-06,
      0.00015337001315194167,
      0.004095794410582556,
      0.0007702814971548846,
      0.02092156778168494,
      -Infinity,
      0.004559740046492027,
      1.0231914022110449e-07,
      0.0023203262227131168,
      2.8200654931436707e-06,
      1.7150859019733503e-05
    ],
    [
      3.40981916572783e-07,
      1.9126407717791233e-08,
      0.004462384479339026,
      0.02337269591706617,
      0.03249540614325366,
