{
  "rmse": 0.03447552235522819,
  "nlpd": -0.005750915398596855
}