{
  "rmse": 0.06319860489811642,
  "nlpd": -0.04591093793751768
}