{
  "rmse": 0.05590575646278637,
  "nlpd": 2.3145709343604555
}