{
  "rmse": 0.014509026282384381,
  "nlpd": -3.160706245506843
}