{
  "rmse": 0.10430438682365938,
  "nlpd": 1.9857686249497475
}