{
  "rmse": 1.563290474454,
  "nlpd": 31.814897027819505
}