{
  "rmse": 0.08911934607860127,
  "nlpd": 4.14943943194286
}