{
  "rmse": 0.014787776164731372,
  "nlpd": -2.378401114386511
}