{
  "rmse": 0.008621772579001772,
  "nlpd": -3.454190065465436
}