,BP,GC,PrimerPairReporter,r,stzd r,r_mu,r_sig2,r_mu_z,r_sig2_z,m,stzd m,m_mu,m_sig2,m_mu_z,m_sig2_z,EI_z,Sequence Name,target r,target r z,target m,target m z,model,iteration,error r,error from target r z,error from target r,error r z,error m,error from target m z,error from target m,error m z,initial_surface,seed
0,80,0.3375,FP002-RP002x-Probe,0.810236111357159,0.42908794905391323,0.8744407154828623,0.03371452969215779,0.8131415929679363,1.2063367011449202,,,,,,,3.9655259561447456,FP002-RP002x-Probe_Unknown,0.902,0.9779933787019883,,,LVMOGP_SSVI,1,0.06420460412570328,-3.868608126514233,0.09176388864284102,-4.033459912248285,,,,,many,0
1,80,0.425,FP002-RP002x-Probe,0.705753707572199,-0.19589601346609029,0.8929488319770841,0.03414991469334817,0.9238518711229806,1.2219151746060566,,,,,,,0.0021682730682595283,FP002-RP002x-Probe_Unknown,0.902,0.9779933787019883,,,LVMOGP_SSVI,2,0.18719512440488506,-3.2436241639942294,0.196246292427801,-3.297765671573237,,,,,many,0
2,36,0.4444444444444444,FP002-RP002x-Probe,0.7757459475829644,0.22277761886735886,0.8471302553717033,0.03410720402692603,0.6497782039168353,1.220386947906594,,,,,,,0.002082671033990356,FP002-RP002x-Probe_Unknown,0.902,0.9779933787019883,,,LVMOGP_SSVI,3,0.07138430778873883,-3.6622977963276786,0.12625405241703558,-3.9905129711128313,,,,,many,0
