{
  "rmse": 0.004872172617442438,
  "nlpd": -2.9347231125918958
}