{
  "rmse": 0.02006179784654259,
  "nlpd": -2.47599566066008
}