{
  "rmse": 0.0156386922707331,
  "nlpd": -2.887566029199024
}