{
  "rmse": 0.025657452984761103,
  "nlpd": -1.9716468056100773
}