{
  "rmse": 0.02608114060807938,
  "nlpd": -2.279107241619837
}