{
  "rmse": 0.0186553395794286,
  "nlpd": -2.8040800891694744
}