{
  "rmse": 0.0891076906268009,
  "nlpd": 3.99263763370729
}