{
  "rmse": 0.03586440427932717,
  "nlpd": 5.051566034632763
}