{
  "rmse": 0.014056831345881616,
  "nlpd": -3.0753701687181376
}