{
  "rmse": 0.5365974385137883,
  "nlpd": 15.649873613590675
}