{
  "rmse": 0.17058157584770425,
  "nlpd": 1.9765645795104732
}