{
  "rmse": 0.1089868576191448,
  "nlpd": 0.12185650349920776
}