{
  "rmse": 0.05386705977102524,
  "nlpd": -0.8202739696307658
}