{
  "rmse": 1.9968085309178123,
  "nlpd": 57.952443827395435
}