{
  "rmse": 0.022255737720064714,
  "nlpd": -2.37224448063189
}