{
  "rmse": 0.06293245206884121,
  "nlpd": -0.07982271882097375
}