{
  "rmse": 1.5829748538942285,
  "nlpd": 27.041524464477728
}