{
  "rmse": 0.11921958665320052,
  "nlpd": 6.706124829209848
}