{
  "rmse": 8.67444818464144,
  "nlpd": 46.90587045809118
}