{
  "rmse": 0.022126384775364865,
  "nlpd": -2.3185581114206024
}