{
  "rmse": 0.07761163566699449,
  "nlpd": -0.48070739440113264
}