{
  "rmse": 0.022219977187596007,
  "nlpd": -2.5820970396292524
}