{
  "rmse": 0.10138240657348573,
  "nlpd": 1.9438285522438
}