{
  "rmse": 0.06319860503905247,
  "nlpd": -0.04591093287792258
}