{
  "rmse": 0.08537289915440395,
  "nlpd": 0.3534641141220747
}