{
  "rmse": 0.04998468221896877,
  "nlpd": -0.8869519486004547
}