{
  "rmse": 0.12053953062388872,
  "nlpd": 9.246355164353307
}