{
  "rmse": 0.12712239803341,
  "nlpd": 12.616143302345986
}