{
  "rmse": 0.04471435530515169,
  "nlpd": -1.213356480431353
}