{
  "rmse": 0.02322553219024555,
  "nlpd": -2.3004407696197964
}