{
  "rmse": 0.019243413984525986,
  "nlpd": -2.0467152175559167
}