{
  "rmse": 0.021536767684978208,
  "nlpd": -2.334707321697851
}