{
  "rmse": 0.007023864499063618,
  "nlpd": -2.797832799542991
}