{
  "rmse": 1.5877052180552866,
  "nlpd": 50.227245891115096
}