{
  "rmse": 0.02911159594931238,
  "nlpd": -1.9232319317052406
}