{
  "rmse": 0.007169866953908359,
  "nlpd": -2.7757851507287996
}