{
  "rmse": 0.03272887495812275,
  "nlpd": 4.612460525564186
}