{
  "rmse": 0.07314256196137502,
  "nlpd": -1.0910907682779754
}