{
  "rmse": 0.0610301200114699,
  "nlpd": 2.580148562826772
}