{
  "rmse": 0.557854178981305,
  "nlpd": 14.012685974333042
}