{
  "rmse": 0.01778948030797205,
  "nlpd": -2.8411367790176945
}