{
  "rmse": 0.05693758661370369,
  "nlpd": 2.402720283087366
}