{
  "rmse": 0.01750816554027879,
  "nlpd": -2.9754243181866316
}