{
  "rmse": 0.06319860486275075,
  "nlpd": -0.045910943306551426
}