{
  "rmse": 0.03230626497967531,
  "nlpd": -1.796211484588068
}