{
  "rmse": 0.11958264645860701,
  "nlpd": 0.39575088350232157
}