{
  "rmse": 0.051260998868201596,
  "nlpd": 1.9098213612424884
}