{
  "rmse": 0.015470406284527343,
  "nlpd": -2.978665931623726
}