{
  "rmse": 0.09259192198511257,
  "nlpd": 4.455077759403052
}