{
  "rmse": 0.013281168770204027,
  "nlpd": -3.2151677794971536
}