{
  "total_folds_completed": 6,
  "test_RMSE_mean": 0.08013552198457674,
  "test_RMSE_std": 0.00532446886542311,
  "test_NLPD_mean": -0.7235943214344897,
  "test_NLPD_std": 0.02463418625175656,
  "train_RMSE_mean": 0.08306592157406723,
  "train_RMSE_std": 0.0037733090862129243,
  "train_NLPD_mean": -0.7181352760180285,
  "train_NLPD_std": 0.02441110765456061,
  "seeds_tested": [
    0,
    1
  ],
  "train_percentages_tested": [
    30,
    60,
    90
  ]
}