{
  "rmse": 0.438303537137662,
  "nlpd": 10.137005351810615
}